{"cameraMode":{"drawMode":0,"name":"Shaded","section":"Shading Mode"},"sceneLighting":false,"audioPlay":false,"sceneViewState":{"showFog":true,"showMaterialUpdate":false,"showSkybox":false,"showFlares":true,"showImageEffects":true,"showParticleSystems":true,"showVisualEffectGraphs":true,"m_FxEnabled":true},"in2DMode":false,"pivot":{"x":5.455183982849121,"y":-0.0033141374588012697,"z":7.996165752410889},"rotation":{"x":0.704630434513092,"y":-0.0007104705437086523,"z":0.0007037139148451388,"w":0.7095823884010315},"size":1.0330126285552979,"orthographic":false}